<?xml version="1.0" encoding="UTF-8"?>
<dashboardModelResource exportedWithPermissions="true">
    <folder>/public/viz/Hyperlinks/ReportExecutionType/targets/SelfLinkTarget/Parameterized/Dashboards</folder>
    <name>Dashboard_with__anchor_parameter__report</name>
    <version>0</version>
    <label>Dashboard with _anchor parameter  report</label>
    <creationDate>2017-04-13T17:34:11.022+03:00</creationDate>
    <updateDate>2015-01-28T01:00:36.044+02:00</updateDate>
    <defaultFoundation>default</defaultFoundation>
    <foundation>
        <id>default</id>
        <layout>layout</layout>
        <wiring>wiring</wiring>
        <components>components</components>
    </foundation>
    <resourceDescriptor>
        <type>wiring</type>
        <id>wiring</id>
    </resourceDescriptor>
    <resourceDescriptor>
        <type>layout</type>
        <id>layout</id>
    </resourceDescriptor>
    <resourceDescriptor>
        <type>components</type>
        <id>components</id>
    </resourceDescriptor>
    <resourceDescriptor>
        <type>reportUnit</type>
        <id>/public/viz/Hyperlinks/ReportExecutionType/targets/SelfLinkTarget/Parameterized/main_5_2</id>
    </resourceDescriptor>
    <resource>
        <localResource
            xmlns:xsi="http://www.w3.org/2001/XMLSchema-instance"
            exportedWithPermissions="false" dataFile="wiring.data" xsi:type="fileResource">
            <folder>/public/viz/Hyperlinks/ReportExecutionType/targets/SelfLinkTarget/Parameterized/Dashboards/Dashboard_with__anchor_parameter__report_files</folder>
            <name>wiring</name>
            <version>0</version>
            <label>wiring</label>
            <creationDate>2017-04-13T17:34:11.022+03:00</creationDate>
            <updateDate>2015-01-28T01:00:36.044+02:00</updateDate>
            <fileType>json</fileType>
        </localResource>
    </resource>
    <resource>
        <localResource
            xmlns:xsi="http://www.w3.org/2001/XMLSchema-instance"
            exportedWithPermissions="false" dataFile="layout" xsi:type="contentResource">
            <folder>/public/viz/Hyperlinks/ReportExecutionType/targets/SelfLinkTarget/Parameterized/Dashboards/Dashboard_with__anchor_parameter__report_files</folder>
            <name>layout</name>
            <version>0</version>
            <label>layout</label>
            <creationDate>2017-04-13T17:34:11.022+03:00</creationDate>
            <updateDate>2015-01-28T01:00:36.044+02:00</updateDate>
            <fileType>html</fileType>
        </localResource>
    </resource>
    <resource>
        <localResource
            xmlns:xsi="http://www.w3.org/2001/XMLSchema-instance"
            exportedWithPermissions="false" dataFile="components.data" xsi:type="fileResource">
            <folder>/public/viz/Hyperlinks/ReportExecutionType/targets/SelfLinkTarget/Parameterized/Dashboards/Dashboard_with__anchor_parameter__report_files</folder>
            <name>components</name>
            <version>0</version>
            <label>components</label>
            <creationDate>2017-04-13T17:34:11.022+03:00</creationDate>
            <updateDate>2015-01-28T01:00:36.044+02:00</updateDate>
            <fileType>dashboardComponent</fileType>
        </localResource>
    </resource>
    <resource>
        <uri>/public/viz/Hyperlinks/ReportExecutionType/targets/SelfLinkTarget/Parameterized/main_5_2</uri>
    </resource>
</dashboardModelResource>
