<?xml version="1.0" encoding="UTF-8"?>
<mondrianXmlaDefinition>
    <folder>/analysis/xmla/definitions</folder>
    <name>FoodmartXmlaDefinition</name>
    <version>0</version>
    <label>Foodmart XMLA Connection</label>
    <description>Foodmart XML/A Connection</description>
    <creationDate>2008-11-04T17:00:35.000-08:00</creationDate>
    <catalog>Foodmart</catalog>
    <mondrianConnection>
        <uri>/analysis/connections/Foodmart</uri>
    </mondrianConnection>
</mondrianXmlaDefinition>
