<?xml version="1.0" encoding="UTF-8"?>
<query exportedWithPermissions="true"><folder>/public/Samples/Resources/Input_Controls</folder><name>CustomerNameIdQuery</name><version>0</version><label>Customer Name Id Query</label><description>Retrieves Lname | Fname | Id. Note inner join, hard coded table names.</description><creationDate>2014-05-12T06:38:17.866-07:00</creationDate><updateDate>2012-07-03T12:59:35.224-07:00</updateDate><language>sql</language><queryString>SELECT DISTINCT customer.lname, customer.fname, customer.customer_id FROM sales_fact_1997 sales_fact_1997 INNER JOIN customer customer ON sales_fact_1997.customer_id = customer.customer_id ORDER BY customer.lname ASC, customer.fname ASC</queryString></query>