<?xml version="1.0" encoding="UTF-8"?>
<inputControl exportedWithPermissions="true"><folder>/public/Samples/Resources/Input_Controls</folder><name>ProductFamily</name><version>0</version><label>ProductFamily</label><description>Product Family Multi-Select</description><creationDate>2014-05-12T06:38:16.707-07:00</creationDate><updateDate>2012-10-22T06:13:32.503-07:00</updateDate><type>6</type><mandatory>true</mandatory><readOnly>false</readOnly><visible>true</visible><listOfValues><uri>/public/Samples/Resources/Input_Controls/ProductFamilyList</uri></listOfValues></inputControl>