<?xml version="1.0" encoding="UTF-8"?>
<adhocDataView exportedWithPermissions="true">
    <folder>/public</folder>
    <name>Ad_Hoc_View__with_all_data_types</name>
    <version>1</version>
    <label>Ad Hoc View  with all data types</label>
    <description></description>
    <creationDate>2017-04-13T17:34:04.340+03:00</creationDate>
    <updateDate>2014-04-24T18:03:27.884+03:00</updateDate>
    <dataSource>
        <uri>/organizations/organization_1/analysis/datasources/SugarCRMDataSourceJNDI</uri>
    </dataSource>
    <resource>
        <localResource
            xmlns:xsi="http://www.w3.org/2001/XMLSchema-instance"
            exportedWithPermissions="false" dataFile="topicJRXML.data" xsi:type="fileResource">
            <folder>/public/Ad_Hoc_View__with_all_data_types_files</folder>
            <name>topicJRXML</name>
            <version>1</version>
            <label>topicJRXML</label>
            <creationDate>2017-04-13T17:34:04.340+03:00</creationDate>
            <updateDate>2014-04-24T18:02:59.244+03:00</updateDate>
            <fileType>jrxml</fileType>
        </localResource>
    </resource>
    <resource>
        <localResource
            xmlns:xsi="http://www.w3.org/2001/XMLSchema-instance"
            exportedWithPermissions="false" dataFile="stateXML.data" xsi:type="fileResource">
            <folder>/public/Ad_Hoc_View__with_all_data_types_files</folder>
            <name>stateXML</name>
            <version>1</version>
            <label>stateXML</label>
            <creationDate>2017-04-13T17:34:04.340+03:00</creationDate>
            <updateDate>2014-04-24T18:02:59.244+03:00</updateDate>
            <fileType>xml</fileType>
        </localResource>
    </resource>
    <alwaysPromptControls>true</alwaysPromptControls>
    <controlsLayout>1</controlsLayout>
</adhocDataView>
