<?xml version="1.0" encoding="UTF-8"?>
<mondrianConnection>
    <folder>/analysis/connections</folder>
    <name>Foodmart</name>
    <version>0</version>
    <label>Foodmart Mondrian Connection</label>
    <description>Foodmart Mondrian Analysis Connection</description>
    <creationDate>2008-11-04T17:00:35.000-08:00</creationDate>
    <schema>
        <uri>/analysis/schemas/FoodmartSchema</uri>
    </schema>
    <dataSource>
        <uri>/analysis/datasources/FoodmartDataSourceJNDI</uri>
    </dataSource>
</mondrianConnection>
