<?xml version="1.0" encoding="UTF-8"?>
<xmlaConnection>
    <folder>/analysis/connections</folder>
    <name>SugarCRMXmlaConnection</name>
    <version>0</version>
    <label>SugarCRM XMLA Connection</label>
    <description>SugarCRM XML/A Connection</description>
    <creationDate>2008-11-04T17:00:35.000-08:00</creationDate>
    <connectionURL>http://localhost:8080/jasperserver/xmla</connectionURL>
    <dataSource>Provider=Mondrian;DataSource=SugarCRM;</dataSource>
    <catalog>SugarCRM</catalog>
    <connectionUser>jasperadmin</connectionUser>
    <connectionPassword>jasperadmin</connectionPassword>
</xmlaConnection>
