<?xml version="1.0" encoding="UTF-8"?>
<folder exportedWithPermissions="true">
    <parent>/public/viz</parent>
    <name>Adhoc</name>
    <label>Adhoc</label>
    <description></description>
    <creationDate>2017-04-13T17:33:31.727+03:00</creationDate>
    <updateDate>2014-03-19T13:57:37.241+02:00</updateDate>
    <folder>Multiple_Ahv</folder>
    <resource>crosstab</resource>
    <resource>crosstabReport</resource>
    <resource>empty_table</resource>
    <resource>OLAP_Crosstab</resource>
    <resource>OLAP_Crosstab_Report</resource>
    <resource>Репорт</resource>
    <resource>Репорт_Report</resource>
</folder>
