<?xml version="1.0" encoding="UTF-8"?>
<reportUnit exportedWithPermissions="true">
    <folder>/public/viz/Highcharts</folder>
    <name>PerformanceSummary</name>
    <version>1</version>
    <label>Performance Summary</label>
    <creationDate>2017-04-13T17:34:06.624+03:00</creationDate>
    <updateDate>2014-05-09T15:35:48.354+03:00</updateDate>
    <mainReport>
        <localResource
            xmlns:xsi="http://www.w3.org/2001/XMLSchema-instance"
            exportedWithPermissions="false" dataFile="main_jrxml.data" xsi:type="fileResource">
            <folder>/public/viz/Highcharts/PerformanceSummary_files</folder>
            <name>main_jrxml</name>
            <version>1</version>
            <label>Main jrxml</label>
            <creationDate>2017-04-13T17:34:06.624+03:00</creationDate>
            <updateDate>2014-05-09T15:35:44.503+03:00</updateDate>
            <fileType>jrxml</fileType>
        </localResource>
    </mainReport>
    <inputControl>
        <localResource
            xmlns:xsi="http://www.w3.org/2001/XMLSchema-instance"
            exportedWithPermissions="false" xsi:type="inputControl">
            <folder>/public/viz/Highcharts/PerformanceSummary_files</folder>
            <name>Product_Family</name>
            <version>1</version>
            <label>Product_Family</label>
            <creationDate>2017-04-13T17:34:06.624+03:00</creationDate>
            <updateDate>2014-05-09T15:35:48.354+03:00</updateDate>
            <type>2</type>
            <mandatory>false</mandatory>
            <readOnly>false</readOnly>
            <visible>true</visible>
            <dataType>
                <localResource exportedWithPermissions="false" xsi:type="dataType">
                    <folder>/public/viz/Highcharts/PerformanceSummary_files/Product_Family_files</folder>
                    <name>myDatatype</name>
                    <version>0</version>
                    <label>myDatatype</label>
                    <creationDate>2017-04-13T17:34:06.624+03:00</creationDate>
                    <updateDate>2014-05-09T15:35:48.354+03:00</updateDate>
                    <type>1</type>
                    <strictMin>false</strictMin>
                    <strictMax>false</strictMax>
                </localResource>
            </dataType>
        </localResource>
    </inputControl>
    <alwaysPromptControls>false</alwaysPromptControls>
    <controlsLayout>1</controlsLayout>
</reportUnit>
