<?xml version="1.0" encoding="UTF-8"?>
<jdbcDataSource>
    <folder>/analysis/datasources</folder>
    <name>FoodmartDataSource</name>
    <version>0</version>
    <label>Foodmart Data Source</label>
    <description>Foodmart Data Source</description>
    <creationDate>2008-11-04T17:00:35.000-08:00</creationDate>
    <driver>com.mysql.jdbc.Driver</driver>
    <connectionUrl>jdbc:mysql://localhost:3306/foodmart</connectionUrl>
    <connectionUser>root</connectionUser>
    <connectionPassword>password</connectionPassword>
</jdbcDataSource>
