<?xml version="1.0" encoding="UTF-8"?>
<folder exportedWithPermissions="true">
    <parent>/organizations/organization_1/adhoc</parent>
    <name>topics</name>
    <label>Topics</label>
    <description>Reports that provide starting points for the Ad Hoc editor</description>
    <creationDate>2017-04-13T17:28:32.222+03:00</creationDate>
    <updateDate>2016-09-22T01:56:52.883+03:00</updateDate>
    <permission>
        <permissionMask>30</permissionMask>
        <recipient recipientType="role">ROLE_USER</recipient>
    </permission>
</folder>
