<?xml version="1.0" encoding="UTF-8"?>
<folder exportedWithPermissions="true">
    <parent>/public/viz</parent>
    <name>Slow_Report</name>
    <label>Slow Report</label>
    <description></description>
    <creationDate>2017-04-13T17:33:32.220+03:00</creationDate>
    <updateDate>2014-04-05T14:24:01.449+03:00</updateDate>
    <resource>Ad_Hoc_View__with_all_data_types</resource>
    <resource>adhoc_easy_small</resource>
    <resource>adhoc_easy_small_report</resource>
    <resource>easy_100</resource>
    <resource>easy_1000</resource>
    <resource>easy_10000</resource>
    <resource>easy_100000</resource>
    <resource>easy_160000</resource>
    <resource>easy_20000</resource>
    <resource>easy_200000</resource>
    <resource>easy_40000</resource>
    <resource>easy_400000</resource>
    <resource>easy_80000</resource>
    <resource>easy_large</resource>
    <resource>easy_medium</resource>
    <resource>easy_small</resource>
    <resource>hard_small</resource>
    <resource>Slow_Report</resource>
</folder>
