<?xml version="1.0" encoding="UTF-8"?>
<reportUnit exportedWithPermissions="true">
    <folder>/public/viz/Slow_Report</folder>
    <name>easy_medium</name>
    <version>1</version>
    <label>easy_medium</label>
    <description></description>
    <creationDate>2017-04-13T17:34:10.270+03:00</creationDate>
    <updateDate>2013-04-11T11:25:17.274+03:00</updateDate>
    <mainReport>
        <localResource
            xmlns:xsi="http://www.w3.org/2001/XMLSchema-instance"
            exportedWithPermissions="false"
            dataFile="easy_medium_jrxml.data" xsi:type="fileResource">
            <folder>/public/viz/Slow_Report/easy_medium_files</folder>
            <name>easy_medium_jrxml</name>
            <version>1</version>
            <label>Main jrxml</label>
            <description>Main jrxml</description>
            <creationDate>2017-04-13T17:34:10.270+03:00</creationDate>
            <updateDate>2013-01-28T14:11:18.000+02:00</updateDate>
            <fileType>jrxml</fileType>
        </localResource>
    </mainReport>
    <dataSource>
        <uri>/organizations/organization_1/analysis/datasources/FoodmartDataSourceJNDI</uri>
    </dataSource>
    <alwaysPromptControls>true</alwaysPromptControls>
    <controlsLayout>1</controlsLayout>
</reportUnit>
