<?xml version="1.0" encoding="UTF-8"?>
<reportUnit exportedWithPermissions="true">
    <folder>/public/viz/Slow_Report</folder>
    <name>Slow_Report</name>
    <version>1</version>
    <label>Slow Report without JIVE</label>
    <description></description>
    <creationDate>2017-04-13T17:34:10.423+03:00</creationDate>
    <updateDate>2014-04-05T14:39:14.193+03:00</updateDate>
    <mainReport>
        <localResource
            xmlns:xsi="http://www.w3.org/2001/XMLSchema-instance"
            exportedWithPermissions="false" dataFile="Slow_Report_.data" xsi:type="fileResource">
            <folder>/public/viz/Slow_Report/Slow_Report_files</folder>
            <name>Slow_Report_</name>
            <version>1</version>
            <label>Slow Report</label>
            <creationDate>2017-04-13T17:34:10.423+03:00</creationDate>
            <updateDate>2014-04-05T14:36:56.470+03:00</updateDate>
            <fileType>jrxml</fileType>
        </localResource>
    </mainReport>
    <dataSource>
        <uri>/public/Samples/Data_Sources/FoodmartDataSource</uri>
    </dataSource>
    <alwaysPromptControls>false</alwaysPromptControls>
    <controlsLayout>1</controlsLayout>
</reportUnit>
