<?xml version="1.0" encoding="UTF-8"?>
<folder exportedWithPermissions="true"><parent>/</parent><name>organizations</name><label>Organizations</label><description>Organizations</description><creationDate>2014-05-12T06:37:31.897-07:00</creationDate><updateDate>2014-05-12T05:30:18.953-07:00</updateDate><permission><permissionMask>1</permissionMask><recipient recipientType="role">ROLE_ADMINISTRATOR</recipient></permission><permission><permissionMask>2</permissionMask><recipient recipientType="role">ROLE_USER</recipient></permission></folder>