<?xml version="1.0" encoding="UTF-8"?>
<fileResource exportedWithPermissions="true" dataFile="button_action_icons_sprite.png.data">
    <folder>/organizations/organization_1/themes/default/jasper-ui/images</folder>
    <name>button_action_icons_sprite.png</name>
    <version>0</version>
    <label>button_action_icons_sprite.png</label>
    <creationDate>2018-10-18T09:28:15.352-07:00</creationDate>
    <updateDate>2018-10-18T09:28:15.352-07:00</updateDate>
    <fileType>img</fileType>
</fileResource>
