<?xml version="1.0" encoding="UTF-8"?>
<folder exportedWithPermissions="true"><parent>/public/viz</parent><name>Adhoc</name><label>Adhoc</label><description></description><creationDate>2014-05-12T06:52:56.097-07:00</creationDate><updateDate>2014-03-19T04:57:37.241-07:00</updateDate><resource>crosstab</resource><resource>crosstabReport</resource><resource>OLAP_Crosstab</resource><resource>OLAP_Crosstab_Report</resource><resource>Репорт</resource><resource>Репорт_Report</resource></folder>