<?xml version="1.0" encoding="UTF-8"?>
<adhocDataView exportedWithPermissions="true"><folder>/public/viz/Adhoc</folder><name>OLAP_Crosstab</name><version>0</version><label>OLAP Crosstab</label><description></description><creationDate>2014-05-12T06:52:57.241-07:00</creationDate><updateDate>2014-03-20T05:21:25.696-07:00</updateDate><dataSource><uri>/organizations/organization_1/analysis/connections/Foodmart</uri></dataSource><resource><localResource xmlns:xsi="http://www.w3.org/2001/XMLSchema-instance" exportedWithPermissions="false" dataFile="topicJRXML.data" xsi:type="fileResource"><folder>/public/viz/Adhoc/OLAP_Crosstab_files</folder><name>topicJRXML</name><version>0</version><label>topicJRXML</label><creationDate>2014-05-12T06:52:57.241-07:00</creationDate><updateDate>2014-03-20T05:21:25.696-07:00</updateDate><fileType>jrxml</fileType></localResource></resource><resource><localResource xmlns:xsi="http://www.w3.org/2001/XMLSchema-instance" exportedWithPermissions="false" dataFile="stateXML.data" xsi:type="fileResource"><folder>/public/viz/Adhoc/OLAP_Crosstab_files</folder><name>stateXML</name><version>0</version><label>stateXML</label><creationDate>2014-05-12T06:52:57.241-07:00</creationDate><updateDate>2014-03-20T05:21:25.696-07:00</updateDate><fileType>xml</fileType></localResource></resource><alwaysPromptControls>false</alwaysPromptControls><controlsLayout>1</controlsLayout></adhocDataView>