<?xml version="1.0" encoding="UTF-8"?>
<reportUnit exportedWithPermissions="true"><folder>/public/viz/Adhoc</folder><name>OLAP_Crosstab_Report</name><version>0</version><label>OLAP Crosstab Report</label><description></description><creationDate>2014-05-12T06:52:57.311-07:00</creationDate><updateDate>2014-03-20T05:21:26.125-07:00</updateDate><mainReport><localResource xmlns:xsi="http://www.w3.org/2001/XMLSchema-instance" exportedWithPermissions="false" dataFile="mainReportJrxml.data" xsi:type="fileResource"><folder>/public/viz/Adhoc/OLAP_Crosstab_Report_files</folder><name>mainReportJrxml</name><version>0</version><label>mainReportJrxml</label><creationDate>2014-05-12T06:52:57.311-07:00</creationDate><updateDate>2014-03-20T05:21:26.125-07:00</updateDate><fileType>jrxml</fileType></localResource></mainReport><dataSource><uri>/public/viz/Adhoc/OLAP_Crosstab</uri></dataSource><resource><localResource xmlns:xsi="http://www.w3.org/2001/XMLSchema-instance" exportedWithPermissions="false" dataFile="stateXML.data" xsi:type="fileResource"><folder>/public/viz/Adhoc/OLAP_Crosstab_Report_files</folder><name>stateXML</name><version>0</version><label>stateXML</label><creationDate>2014-05-12T06:52:57.311-07:00</creationDate><updateDate>2014-03-20T05:21:26.125-07:00</updateDate><fileType>xml</fileType></localResource></resource><alwaysPromptControls>false</alwaysPromptControls><controlsLayout>1</controlsLayout></reportUnit>