<?xml version="1.0" encoding="UTF-8"?>
<fileResource exportedWithPermissions="true" dataFile="OpenSans-Semibold-webfont.woff2.data">
    <folder>/organizations/organization_1/themes/default/jasper-ui/fonts</folder>
    <name>OpenSans-Semibold-webfont.woff2</name>
    <version>0</version>
    <label>OpenSans-Semibold-webfont.woff2</label>
    <creationDate>2018-10-18T09:28:14.389-07:00</creationDate>
    <updateDate>2018-10-18T09:28:14.389-07:00</updateDate>
    <fileType>font</fileType>
</fileResource>
