<?xml version="1.0" encoding="UTF-8"?>
<reportUnit exportedWithPermissions="true"><folder>/public/viz/FusionCharts</folder><name>bar</name><version>0</version><label>bar</label><creationDate>2014-05-12T06:52:57.571-07:00</creationDate><updateDate>2014-02-18T07:48:43.012-08:00</updateDate><mainReport><localResource xmlns:xsi="http://www.w3.org/2001/XMLSchema-instance" exportedWithPermissions="false" dataFile="bar_jrxml.data" xsi:type="fileResource"><folder>/public/viz/FusionCharts/bar_files</folder><name>bar_jrxml</name><version>0</version><label>Main jrxml</label><description>Main jrxml</description><creationDate>2014-05-12T06:52:57.571-07:00</creationDate><updateDate>2014-02-18T07:48:43.012-08:00</updateDate><fileType>jrxml</fileType></localResource></mainReport><dataSource><uri>/organizations/organization_1/analysis/datasources/SugarCRMDataSourceJNDI</uri></dataSource><alwaysPromptControls>true</alwaysPromptControls><controlsLayout>1</controlsLayout></reportUnit>