<?xml version="1.0" encoding="UTF-8"?>
<reportUnit exportedWithPermissions="true">
    <folder>/public/viz/InputControl</folder>
    <name>AllAccounts</name>
    <version>1</version>
    <label>05. Accounts Report</label>
    <description>Input Controls all types</description>
    <creationDate>2017-04-13T17:34:07.325+03:00</creationDate>
    <updateDate>2014-06-19T12:04:53.712+03:00</updateDate>
    <mainReport>
        <localResource
            xmlns:xsi="http://www.w3.org/2001/XMLSchema-instance"
            exportedWithPermissions="false" dataFile="main_jrxml.data" xsi:type="fileResource">
            <folder>/public/viz/InputControl/AllAccounts_files</folder>
            <name>main_jrxml</name>
            <version>1</version>
            <label>Main jrxml</label>
            <creationDate>2017-04-13T17:34:07.325+03:00</creationDate>
            <updateDate>2014-06-19T12:03:58.305+03:00</updateDate>
            <fileType>jrxml</fileType>
        </localResource>
    </mainReport>
    <dataSource>
        <uri>/public/Samples/Data_Sources/JServerJNDIDS</uri>
    </dataSource>
    <inputControl>
        <localResource
            xmlns:xsi="http://www.w3.org/2001/XMLSchema-instance"
            exportedWithPermissions="false" xsi:type="inputControl">
            <folder>/public/viz/InputControl/AllAccounts_files</folder>
            <name>boolean</name>
            <version>1</version>
            <label>boolean</label>
            <description></description>
            <creationDate>2017-04-13T17:34:07.325+03:00</creationDate>
            <updateDate>2014-06-19T12:03:58.305+03:00</updateDate>
            <type>1</type>
            <mandatory>false</mandatory>
            <readOnly>false</readOnly>
            <visible>true</visible>
        </localResource>
    </inputControl>
    <inputControl>
        <localResource
            xmlns:xsi="http://www.w3.org/2001/XMLSchema-instance"
            exportedWithPermissions="false" xsi:type="inputControl">
            <folder>/public/viz/InputControl/AllAccounts_files</folder>
            <name>SV___Text</name>
            <version>1</version>
            <label>SV - Text</label>
            <description></description>
            <creationDate>2017-04-13T17:34:07.325+03:00</creationDate>
            <updateDate>2014-06-19T12:03:58.305+03:00</updateDate>
            <type>2</type>
            <mandatory>false</mandatory>
            <readOnly>false</readOnly>
            <visible>true</visible>
            <dataType>
                <localResource exportedWithPermissions="false" xsi:type="dataType">
                    <folder>/public/viz/InputControl/AllAccounts_files/SV___Text_files</folder>
                    <name>text</name>
                    <version>0</version>
                    <label>text</label>
                    <description></description>
                    <creationDate>2017-04-13T17:34:07.325+03:00</creationDate>
                    <updateDate>2014-06-19T12:03:58.305+03:00</updateDate>
                    <type>1</type>
                    <regularExpr></regularExpr>
                    <strictMin>false</strictMin>
                    <strictMax>false</strictMax>
                </localResource>
            </dataType>
        </localResource>
    </inputControl>
    <inputControl>
        <localResource
            xmlns:xsi="http://www.w3.org/2001/XMLSchema-instance"
            exportedWithPermissions="false" xsi:type="inputControl">
            <folder>/public/viz/InputControl/AllAccounts_files</folder>
            <name>SV_Numeric</name>
            <version>1</version>
            <label>SV-Numeric</label>
            <description></description>
            <creationDate>2017-04-13T17:34:07.325+03:00</creationDate>
            <updateDate>2014-06-19T12:03:58.305+03:00</updateDate>
            <type>2</type>
            <mandatory>false</mandatory>
            <readOnly>false</readOnly>
            <visible>true</visible>
            <dataType>
                <localResource exportedWithPermissions="false" xsi:type="dataType">
                    <folder>/public/viz/InputControl/AllAccounts_files/SV_Numeric_files</folder>
                    <name>SV_Numeric</name>
                    <version>0</version>
                    <label>SV-Numeric</label>
                    <description></description>
                    <creationDate>2017-04-13T17:34:07.325+03:00</creationDate>
                    <updateDate>2014-06-19T12:03:58.305+03:00</updateDate>
                    <type>2</type>
                    <regularExpr></regularExpr>
                    <minValue xmlns:java="http://java.sun.com" xsi:type="java:java.math.BigDecimal">1</minValue>
                    <maxValue xmlns:java="http://java.sun.com" xsi:type="java:java.math.BigDecimal">100</maxValue>
                    <strictMin>true</strictMin>
                    <strictMax>true</strictMax>
                </localResource>
            </dataType>
        </localResource>
    </inputControl>
    <inputControl>
        <localResource
            xmlns:xsi="http://www.w3.org/2001/XMLSchema-instance"
            exportedWithPermissions="false" xsi:type="inputControl">
            <folder>/public/viz/InputControl/AllAccounts_files</folder>
            <name>SV_Date</name>
            <version>1</version>
            <label>SV-Date</label>
            <description></description>
            <creationDate>2017-04-13T17:34:07.325+03:00</creationDate>
            <updateDate>2014-06-19T12:03:58.305+03:00</updateDate>
            <type>2</type>
            <mandatory>false</mandatory>
            <readOnly>false</readOnly>
            <visible>true</visible>
            <dataType>
                <localResource exportedWithPermissions="false" xsi:type="dataType">
                    <folder>/public/viz/InputControl/AllAccounts_files/SV_Date_files</folder>
                    <name>date</name>
                    <version>0</version>
                    <label>date</label>
                    <description></description>
                    <creationDate>2017-04-13T17:34:07.325+03:00</creationDate>
                    <updateDate>2014-06-19T12:03:58.305+03:00</updateDate>
                    <type>3</type>
                    <regularExpr></regularExpr>
                    <minValue xsi:type="date">2005-06-01T10:00:00.000+03:00</minValue>
                    <strictMin>true</strictMin>
                    <strictMax>false</strictMax>
                </localResource>
            </dataType>
        </localResource>
    </inputControl>
    <inputControl>
        <localResource
            xmlns:xsi="http://www.w3.org/2001/XMLSchema-instance"
            exportedWithPermissions="false" xsi:type="inputControl">
            <folder>/public/viz/InputControl/AllAccounts_files</folder>
            <name>SV_DateTime</name>
            <version>1</version>
            <label>SV-DateTime</label>
            <description></description>
            <creationDate>2017-04-13T17:34:07.325+03:00</creationDate>
            <updateDate>2014-06-19T12:03:58.305+03:00</updateDate>
            <type>2</type>
            <mandatory>false</mandatory>
            <readOnly>false</readOnly>
            <visible>true</visible>
            <dataType>
                <localResource exportedWithPermissions="false" xsi:type="dataType">
                    <folder>/public/viz/InputControl/AllAccounts_files/SV_DateTime_files</folder>
                    <name>DateTime</name>
                    <version>0</version>
                    <label>DateTime</label>
                    <description></description>
                    <creationDate>2017-04-13T17:34:07.325+03:00</creationDate>
                    <updateDate>2014-06-19T12:03:58.305+03:00</updateDate>
                    <type>4</type>
                    <regularExpr></regularExpr>
                    <maxValue xsi:type="sql-timestamp">2014-06-04 15:43:23.0</maxValue>
                    <strictMin>false</strictMin>
                    <strictMax>true</strictMax>
                </localResource>
            </dataType>
        </localResource>
    </inputControl>
    <inputControl>
        <localResource
            xmlns:xsi="http://www.w3.org/2001/XMLSchema-instance"
            exportedWithPermissions="false" xsi:type="inputControl">
            <folder>/public/viz/InputControl/AllAccounts_files</folder>
            <name>SV_Time</name>
            <version>1</version>
            <label>SV-Time</label>
            <description></description>
            <creationDate>2017-04-13T17:34:07.325+03:00</creationDate>
            <updateDate>2014-06-19T12:03:58.305+03:00</updateDate>
            <type>2</type>
            <mandatory>false</mandatory>
            <readOnly>false</readOnly>
            <visible>true</visible>
            <dataType>
                <localResource exportedWithPermissions="false" xsi:type="dataType">
                    <folder>/public/viz/InputControl/AllAccounts_files/SV_Time_files</folder>
                    <name>SV_Time</name>
                    <version>0</version>
                    <label>SV-Time</label>
                    <description></description>
                    <creationDate>2017-04-13T17:34:07.325+03:00</creationDate>
                    <updateDate>2014-06-19T12:03:58.305+03:00</updateDate>
                    <type>5</type>
                    <regularExpr></regularExpr>
                    <strictMin>false</strictMin>
                    <strictMax>false</strictMax>
                </localResource>
            </dataType>
        </localResource>
    </inputControl>
    <inputControl>
        <localResource
            xmlns:xsi="http://www.w3.org/2001/XMLSchema-instance"
            exportedWithPermissions="false" xsi:type="inputControl">
            <folder>/public/viz/InputControl/AllAccounts_files</folder>
            <name>SsListofValues</name>
            <version>1</version>
            <label>SsListofValues</label>
            <description></description>
            <creationDate>2017-04-13T17:34:07.325+03:00</creationDate>
            <updateDate>2014-06-19T12:03:58.305+03:00</updateDate>
            <type>3</type>
            <mandatory>false</mandatory>
            <readOnly>false</readOnly>
            <visible>true</visible>
            <listOfValues>
                <uri>/organizations/organization_1/supermart/Common/ProductFamilyList</uri>
            </listOfValues>
        </localResource>
    </inputControl>
    <inputControl>
        <localResource
            xmlns:xsi="http://www.w3.org/2001/XMLSchema-instance"
            exportedWithPermissions="false" xsi:type="inputControl">
            <folder>/public/viz/InputControl/AllAccounts_files</folder>
            <name>SSQuery</name>
            <version>1</version>
            <label>SSQuery</label>
            <description></description>
            <creationDate>2017-04-13T17:34:07.325+03:00</creationDate>
            <updateDate>2014-06-19T12:03:58.305+03:00</updateDate>
            <type>4</type>
            <mandatory>true</mandatory>
            <readOnly>false</readOnly>
            <visible>true</visible>
            <query>
                <localResource exportedWithPermissions="false" xsi:type="query">
                    <folder>/public/viz/InputControl/AllAccounts_files/SSQuery_files</folder>
                    <name>ss</name>
                    <version>0</version>
                    <label>ss</label>
                    <description></description>
                    <creationDate>2017-04-13T17:34:07.325+03:00</creationDate>
                    <updateDate>2014-06-19T12:03:58.305+03:00</updateDate>
                    <language>sql</language>
                    <queryString>select shipcountry from orders</queryString>
                    <dataSource>
                        <uri>/organizations/organization_1/analysis/datasources/SugarCRMDataSourceJNDI</uri>
                    </dataSource>
                </localResource>
            </query>
            <queryVisibleColumn>shipcountry</queryVisibleColumn>
            <queryValueColumn>shipcountry</queryValueColumn>
        </localResource>
    </inputControl>
    <inputControl>
        <localResource
            xmlns:xsi="http://www.w3.org/2001/XMLSchema-instance"
            exportedWithPermissions="false" xsi:type="inputControl">
            <folder>/public/viz/InputControl/AllAccounts_files</folder>
            <name>MS_listOfValues</name>
            <version>1</version>
            <label>MS_listOfValues</label>
            <description></description>
            <creationDate>2017-04-13T17:34:07.325+03:00</creationDate>
            <updateDate>2014-06-19T12:03:58.305+03:00</updateDate>
            <type>6</type>
            <mandatory>false</mandatory>
            <readOnly>false</readOnly>
            <visible>true</visible>
            <listOfValues>
                <uri>/public/Samples/Resources/Data_Types/MonthNamesList</uri>
            </listOfValues>
        </localResource>
    </inputControl>
    <inputControl>
        <localResource
            xmlns:xsi="http://www.w3.org/2001/XMLSchema-instance"
            exportedWithPermissions="false" xsi:type="inputControl">
            <folder>/public/viz/InputControl/AllAccounts_files</folder>
            <name>MsQuery</name>
            <version>1</version>
            <label>MsQuery</label>
            <description></description>
            <creationDate>2017-04-13T17:34:07.325+03:00</creationDate>
            <updateDate>2014-06-19T12:03:58.305+03:00</updateDate>
            <type>7</type>
            <mandatory>false</mandatory>
            <readOnly>false</readOnly>
            <visible>true</visible>
            <query>
                <localResource exportedWithPermissions="false" xsi:type="query">
                    <folder>/public/viz/InputControl/AllAccounts_files/MsQuery_files</folder>
                    <name>ss</name>
                    <version>0</version>
                    <label>ss</label>
                    <description></description>
                    <creationDate>2017-04-13T17:34:07.325+03:00</creationDate>
                    <updateDate>2014-06-19T12:03:58.305+03:00</updateDate>
                    <language>sql</language>
                    <queryString>select shipcountry from orders</queryString>
                    <dataSource>
                        <uri>/organizations/organization_1/analysis/datasources/SugarCRMDataSourceJNDI</uri>
                    </dataSource>
                </localResource>
            </query>
            <queryVisibleColumn>shipcountry</queryVisibleColumn>
            <queryValueColumn>shipcountry</queryValueColumn>
        </localResource>
    </inputControl>
    <inputControl>
        <localResource
            xmlns:xsi="http://www.w3.org/2001/XMLSchema-instance"
            exportedWithPermissions="false" xsi:type="inputControl">
            <folder>/public/viz/InputControl/AllAccounts_files</folder>
            <name>ssListofValuesRadio</name>
            <version>1</version>
            <label>ssListofValuesRadio</label>
            <description></description>
            <creationDate>2017-04-13T17:34:07.325+03:00</creationDate>
            <updateDate>2014-06-19T12:03:58.305+03:00</updateDate>
            <type>8</type>
            <mandatory>false</mandatory>
            <readOnly>false</readOnly>
            <visible>true</visible>
            <listOfValues>
                <uri>/public/Samples/Resources/Data_Types/YesOrNoList</uri>
            </listOfValues>
        </localResource>
    </inputControl>
    <inputControl>
        <localResource
            xmlns:xsi="http://www.w3.org/2001/XMLSchema-instance"
            exportedWithPermissions="false" xsi:type="inputControl">
            <folder>/public/viz/InputControl/AllAccounts_files</folder>
            <name>MslistCheckBox</name>
            <version>1</version>
            <label>MslistCheckBox</label>
            <description></description>
            <creationDate>2017-04-13T17:34:07.325+03:00</creationDate>
            <updateDate>2014-06-19T12:03:58.305+03:00</updateDate>
            <type>10</type>
            <mandatory>false</mandatory>
            <readOnly>false</readOnly>
            <visible>true</visible>
            <listOfValues>
                <uri>/public/Samples/Resources/Data_Types/USWesternStatesList</uri>
            </listOfValues>
        </localResource>
    </inputControl>
    <resource>
        <localResource
            xmlns:xsi="http://www.w3.org/2001/XMLSchema-instance"
            exportedWithPermissions="false" xsi:type="fileResource">
            <folder>/public/viz/InputControl/AllAccounts_files</folder>
            <name>Jaspersoft_logo.png</name>
            <version>1</version>
            <label>Jaspersoft_logo.png</label>
            <creationDate>2017-04-13T17:34:07.325+03:00</creationDate>
            <updateDate>2014-06-19T12:03:58.305+03:00</updateDate>
            <referenceUri>/public/Samples/Resources/Images/Jaspersoft_logo.png</referenceUri>
        </localResource>
    </resource>
    <resource>
        <localResource
            xmlns:xsi="http://www.w3.org/2001/XMLSchema-instance"
            exportedWithPermissions="false" xsi:type="fileResource">
            <folder>/public/viz/InputControl/AllAccounts_files</folder>
            <name>SampleReportsStyles.jrtx</name>
            <version>1</version>
            <label>SampleReportsStyles.jrtx</label>
            <creationDate>2017-04-13T17:34:07.325+03:00</creationDate>
            <updateDate>2014-06-19T12:03:58.305+03:00</updateDate>
            <referenceUri>/public/Samples/Resources/Extras/SampleReportStyles.jrtx</referenceUri>
        </localResource>
    </resource>
    <inputControlRenderingView></inputControlRenderingView>
    <reportRenderingView></reportRenderingView>
    <alwaysPromptControls>true</alwaysPromptControls>
    <controlsLayout>1</controlsLayout>
</reportUnit>
