<?xml version="1.0" encoding="UTF-8"?>
<adhocDataView exportedWithPermissions="true"><folder>/public/viz/Slow_Report</folder><name>adhoc_easy_small</name><version>0</version><label>adhoc_easy_small</label><description></description><creationDate>2014-05-12T06:52:59.241-07:00</creationDate><updateDate>2013-02-12T03:27:07.465-08:00</updateDate><dataSource><uri>/organizations/organization_1/analysis/datasources/FoodmartDataSourceJNDI</uri></dataSource><resource><localResource xmlns:xsi="http://www.w3.org/2001/XMLSchema-instance" exportedWithPermissions="false" dataFile="topicJRXML.data" xsi:type="fileResource"><folder>/public/viz/Slow_Report/adhoc_easy_small_files</folder><name>topicJRXML</name><version>0</version><label>topicJRXML</label><creationDate>2014-05-12T06:52:59.241-07:00</creationDate><updateDate>2013-02-12T03:27:07.465-08:00</updateDate><fileType>jrxml</fileType></localResource></resource><resource><localResource xmlns:xsi="http://www.w3.org/2001/XMLSchema-instance" exportedWithPermissions="false" dataFile="stateXML.data" xsi:type="fileResource"><folder>/public/viz/Slow_Report/adhoc_easy_small_files</folder><name>stateXML</name><version>0</version><label>stateXML</label><creationDate>2014-05-12T06:52:59.241-07:00</creationDate><updateDate>2013-02-12T03:27:07.465-08:00</updateDate><fileType>xml</fileType></localResource></resource><alwaysPromptControls>true</alwaysPromptControls><controlsLayout>1</controlsLayout></adhocDataView>