<?xml version="1.0" encoding="UTF-8"?>
<reportUnit exportedWithPermissions="true"><folder>/public/viz/Slow_Report</folder><name>adhoc_easy_small_report</name><version>0</version><label>adhoc_easy_small_report</label><description></description><creationDate>2014-05-12T06:52:59.305-07:00</creationDate><updateDate>2013-02-12T03:27:08.215-08:00</updateDate><mainReport><localResource xmlns:xsi="http://www.w3.org/2001/XMLSchema-instance" exportedWithPermissions="false" dataFile="mainReportJrxml.data" xsi:type="fileResource"><folder>/public/viz/Slow_Report/adhoc_easy_small_report_files</folder><name>mainReportJrxml</name><version>0</version><label>mainReportJrxml</label><creationDate>2014-05-12T06:52:59.305-07:00</creationDate><updateDate>2013-02-12T03:27:08.215-08:00</updateDate><fileType>jrxml</fileType></localResource></mainReport><dataSource><uri>/public/viz/Slow_Report/adhoc_easy_small</uri></dataSource><resource><localResource xmlns:xsi="http://www.w3.org/2001/XMLSchema-instance" exportedWithPermissions="false" dataFile="stateXML.data" xsi:type="fileResource"><folder>/public/viz/Slow_Report/adhoc_easy_small_report_files</folder><name>stateXML</name><version>0</version><label>stateXML</label><creationDate>2014-05-12T06:52:59.305-07:00</creationDate><updateDate>2013-02-12T03:27:08.215-08:00</updateDate><fileType>xml</fileType></localResource></resource><alwaysPromptControls>true</alwaysPromptControls><controlsLayout>1</controlsLayout></reportUnit>