<?xml version="1.0" encoding="UTF-8"?>
<reportUnit exportedWithPermissions="true"><folder>/public/viz/Slow_Report</folder><name>easy_20000</name><version>0</version><label>easy_20000</label><creationDate>2014-05-12T06:52:59.673-07:00</creationDate><updateDate>2013-04-30T04:58:39.855-07:00</updateDate><mainReport><localResource xmlns:xsi="http://www.w3.org/2001/XMLSchema-instance" exportedWithPermissions="false" dataFile="easy_20000_jrxml.data" xsi:type="fileResource"><folder>/public/viz/Slow_Report/easy_20000_files</folder><name>easy_20000_jrxml</name><version>0</version><label>Main jrxml</label><description>Main jrxml</description><creationDate>2014-05-12T06:52:59.673-07:00</creationDate><updateDate>2013-04-11T01:46:18.272-07:00</updateDate><fileType>jrxml</fileType></localResource></mainReport><dataSource><uri>/organizations/organization_1/analysis/datasources/FoodmartDataSourceJNDI</uri></dataSource><alwaysPromptControls>true</alwaysPromptControls><controlsLayout>1</controlsLayout></reportUnit>