<?xml version="1.0" encoding="UTF-8"?>
<reportUnit exportedWithPermissions="true"><folder>/public/viz/Slow_Report</folder><name>easy_400000</name><version>0</version><label>easy_400000</label><creationDate>2014-05-12T06:52:59.857-07:00</creationDate><updateDate>2013-12-12T02:45:47.954-08:00</updateDate><mainReport><localResource xmlns:xsi="http://www.w3.org/2001/XMLSchema-instance" exportedWithPermissions="false" dataFile="easy_400000_jrxml.data" xsi:type="fileResource"><folder>/public/viz/Slow_Report/easy_400000_files</folder><name>easy_400000_jrxml</name><version>0</version><label>Main jrxml</label><description>Main jrxml</description><creationDate>2014-05-12T06:52:59.857-07:00</creationDate><updateDate>2013-12-12T02:31:29.073-08:00</updateDate><fileType>jrxml</fileType></localResource></mainReport><dataSource><uri>/organizations/organization_1/analysis/datasources/FoodmartDataSourceJNDI</uri></dataSource><alwaysPromptControls>true</alwaysPromptControls><controlsLayout>1</controlsLayout></reportUnit>