<?xml version="1.0" encoding="UTF-8"?>
<fileResource exportedWithPermissions="true" dataFile="supermart_fr.properties.data">
    <folder>/public/Samples/Resources/Extras</folder>
    <name>supermart_fr.properties</name>
    <version>2</version>
    <label>supermart_fr.properties</label>
    <description>French resource bundle</description>
    <creationDate>2017-04-13T17:34:08.207+03:00</creationDate>
    <updateDate>2014-09-30T20:27:44.030+03:00</updateDate>
    <fileType>prop</fileType>
</fileResource>
