<?xml version="1.0" encoding="UTF-8"?>
<fileResource exportedWithPermissions="true" dataFile="supermart_ja.properties.data">
    <folder>/public/Samples/Resources/Extras</folder>
    <name>supermart_ja.properties</name>
    <version>2</version>
    <label>supermart_ja.properties</label>
    <description>Japanese resource bundle</description>
    <creationDate>2017-04-13T17:34:08.253+03:00</creationDate>
    <updateDate>2014-09-30T20:27:44.181+03:00</updateDate>
    <fileType>prop</fileType>
</fileResource>
