<?xml version="1.0" encoding="UTF-8"?>
<reportUnit exportedWithPermissions="true">
    <folder>/public/viz/jFreeCharts</folder>
    <name>XYarreaChart</name>
    <version>1</version>
    <label>XY arrea Chart</label>
    <description></description>
    <creationDate>2017-04-13T17:34:07.765+03:00</creationDate>
    <updateDate>2014-03-19T14:42:59.257+02:00</updateDate>
    <mainReport>
        <localResource
            xmlns:xsi="http://www.w3.org/2001/XMLSchema-instance"
            exportedWithPermissions="false" dataFile="main_jrxml.data" xsi:type="fileResource">
            <folder>/public/viz/jFreeCharts/XYarreaChart_files</folder>
            <name>main_jrxml</name>
            <version>1</version>
            <label>Main jrxml</label>
            <creationDate>2017-04-13T17:34:07.765+03:00</creationDate>
            <updateDate>2014-03-19T14:42:59.257+02:00</updateDate>
            <fileType>jrxml</fileType>
        </localResource>
    </mainReport>
    <dataSource>
        <uri>/organizations/organization_1/analysis/datasources/SugarCRMDataSourceJNDI</uri>
    </dataSource>
    <alwaysPromptControls>false</alwaysPromptControls>
    <controlsLayout>1</controlsLayout>
</reportUnit>
