<?xml version="1.0" encoding="UTF-8"?>
<listOfValues exportedWithPermissions="true">
    <folder>/public/Samples/Resources/Data_Types</folder>
    <name>YesOrNoList</name>
    <version>2</version>
    <label>Yes or No List</label>
    <description>Yes or No</description>
    <creationDate>2017-04-13T17:34:07.164+03:00</creationDate>
    <updateDate>2012-07-03T22:59:31.520+03:00</updateDate>
    <item>
        <itemLabel>yes</itemLabel>
        <itemValue xmlns:xsi="http://www.w3.org/2001/XMLSchema-instance"
            xmlns:java="http://java.sun.com" xsi:type="java:java.lang.String">yes</itemValue>
    </item>
    <item>
        <itemLabel>no</itemLabel>
        <itemValue xmlns:xsi="http://www.w3.org/2001/XMLSchema-instance"
            xmlns:java="http://java.sun.com" xsi:type="java:java.lang.String">no</itemValue>
    </item>
</listOfValues>
