<?xml version="1.0" encoding="UTF-8"?>
<folder exportedWithPermissions="true">
    <parent>/</parent>
    <name>organizations</name>
    <label>Organizations</label>
    <description>Organizations</description>
    <creationDate>2017-04-13T17:28:00.170+03:00</creationDate>
    <updateDate>2016-09-22T01:55:56.661+03:00</updateDate>
    <permission>
        <permissionMask>1</permissionMask>
        <recipient recipientType="role">ROLE_ADMINISTRATOR</recipient>
    </permission>
    <permission>
        <permissionMask>2</permissionMask>
        <recipient recipientType="role">ROLE_USER</recipient>
    </permission>
</folder>
