<?xml version="1.0" encoding="UTF-8"?>
<reportUnit exportedWithPermissions="true"><folder>/public/viz/PersistedId</folder><name>07g.RevenueDetailReport</name><version>1</version><label>07g. Revenue Detail Report</label><description>Sample report containing containing interactive  HTML5 Chart and Table data with input controls. This report is also defined as a drill-down from the SuperMart Dashboard gauge.</description><creationDate>2014-05-12T06:52:58.280-07:00</creationDate><updateDate>2014-05-12T07:30:22.289-07:00</updateDate><mainReport><localResource xmlns:xsi="http://www.w3.org/2001/XMLSchema-instance" exportedWithPermissions="false" dataFile="main_jrxml.data" xsi:type="fileResource"><folder>/public/viz/PersistedId/07g.RevenueDetailReport_files</folder><name>main_jrxml</name><version>0</version><label>Main jrxml</label><creationDate>2014-05-12T06:52:58.280-07:00</creationDate><updateDate>2014-05-07T06:20:16.938-07:00</updateDate><fileType>jrxml</fileType></localResource></mainReport><dataSource><uri>/public/Samples/Data_Sources/FoodmartDataSource</uri></dataSource><inputControl><uri>/public/Samples/Resources/Input_Controls/ProductFamily</uri></inputControl><resource><localResource xmlns:xsi="http://www.w3.org/2001/XMLSchema-instance" exportedWithPermissions="false" xsi:type="fileResource"><folder>/public/viz/PersistedId/07g.RevenueDetailReport_files</folder><name>supermart.properties</name><version>0</version><label>supermart.properties</label><description></description><creationDate>2014-05-12T06:52:58.280-07:00</creationDate><updateDate>2014-05-02T08:59:45.014-07:00</updateDate><referenceUri>/public/Samples/Resources/Extras/supermart.properties</referenceUri></localResource></resource><resource><localResource xmlns:xsi="http://www.w3.org/2001/XMLSchema-instance" exportedWithPermissions="false" xsi:type="fileResource"><folder>/public/viz/PersistedId/07g.RevenueDetailReport_files</folder><name>supermart_de.properties</name><version>0</version><label>supermart_de.properties</label><description></description><creationDate>2014-05-12T06:52:58.280-07:00</creationDate><updateDate>2014-05-02T08:59:45.014-07:00</updateDate><referenceUri>/public/Samples/Resources/Extras/supermart_de.properties</referenceUri></localResource></resource><resource><localResource xmlns:xsi="http://www.w3.org/2001/XMLSchema-instance" exportedWithPermissions="false" xsi:type="fileResource"><folder>/public/viz/PersistedId/07g.RevenueDetailReport_files</folder><name>supermart_en_US.properties</name><version>0</version><label>supermart_en_US.properties</label><description></description><creationDate>2014-05-12T06:52:58.280-07:00</creationDate><updateDate>2014-05-02T08:59:45.014-07:00</updateDate><referenceUri>/public/Samples/Resources/Extras/supermart_en_US.properties</referenceUri></localResource></resource><resource><localResource xmlns:xsi="http://www.w3.org/2001/XMLSchema-instance" exportedWithPermissions="false" xsi:type="fileResource"><folder>/public/viz/PersistedId/07g.RevenueDetailReport_files</folder><name>supermart_es.properties</name><version>0</version><label>supermart_es.properties</label><description></description><creationDate>2014-05-12T06:52:58.280-07:00</creationDate><updateDate>2014-05-02T08:59:45.014-07:00</updateDate><referenceUri>/public/Samples/Resources/Extras/supermart_es.properties</referenceUri></localResource></resource><resource><localResource xmlns:xsi="http://www.w3.org/2001/XMLSchema-instance" exportedWithPermissions="false" xsi:type="fileResource"><folder>/public/viz/PersistedId/07g.RevenueDetailReport_files</folder><name>supermart_fr.properties</name><version>0</version><label>supermart_fr.properties</label><description></description><creationDate>2014-05-12T06:52:58.280-07:00</creationDate><updateDate>2014-05-02T08:59:45.014-07:00</updateDate><referenceUri>/public/Samples/Resources/Extras/supermart_fr.properties</referenceUri></localResource></resource><resource><localResource xmlns:xsi="http://www.w3.org/2001/XMLSchema-instance" exportedWithPermissions="false" xsi:type="fileResource"><folder>/public/viz/PersistedId/07g.RevenueDetailReport_files</folder><name>supermart_ja.properties</name><version>0</version><label>supermart_ja.properties</label><description></description><creationDate>2014-05-12T06:52:58.280-07:00</creationDate><updateDate>2014-05-02T08:59:45.014-07:00</updateDate><referenceUri>/public/Samples/Resources/Extras/supermart_ja.properties</referenceUri></localResource></resource><resource><localResource xmlns:xsi="http://www.w3.org/2001/XMLSchema-instance" exportedWithPermissions="false" xsi:type="fileResource"><folder>/public/viz/PersistedId/07g.RevenueDetailReport_files</folder><name>supermart_zh_CN.properties</name><version>0</version><label>supermart_zh_CN.properties</label><description></description><creationDate>2014-05-12T06:52:58.280-07:00</creationDate><updateDate>2014-05-02T08:59:45.014-07:00</updateDate><referenceUri>/public/Samples/Resources/Extras/supermart_zh_CN.properties</referenceUri></localResource></resource><inputControlRenderingView></inputControlRenderingView><alwaysPromptControls>false</alwaysPromptControls><controlsLayout>4</controlsLayout><dataSnapshotMetadata><snapshotDate>2014-05-12T07:30:14.029-07:00</snapshotDate><parameter><key xmlns:xsi="http://www.w3.org/2001/XMLSchema-instance" xsi:type="java:java.lang.String">ProductFamily</key><value xmlns:xsi="http://www.w3.org/2001/XMLSchema-instance" xsi:type="java:java.lang.String">Drink</value><value xmlns:xsi="http://www.w3.org/2001/XMLSchema-instance" xsi:type="java:java.lang.String">Food</value><value xmlns:xsi="http://www.w3.org/2001/XMLSchema-instance" xsi:type="java:java.lang.String">Non-Consumable</value></parameter></dataSnapshotMetadata></reportUnit>