<?xml version="1.0" encoding="UTF-8"?>
<reportUnit exportedWithPermissions="true"><folder>/public/viz/PersistedId</folder><name>9g.CustomerDetailReport</name><version>0</version><label>09g. Customer Detail Report</label><description>Sample report with multiple charts, interactive table, and input controls. Also called as drill-through from the SuperMart and Performance Summary Dashboards.</description><creationDate>2014-05-12T06:52:59.046-07:00</creationDate><updateDate>2013-10-03T17:20:50.585-07:00</updateDate><mainReport><localResource xmlns:xsi="http://www.w3.org/2001/XMLSchema-instance" exportedWithPermissions="false" dataFile="main_jrxml.data" xsi:type="fileResource"><folder>/public/viz/PersistedId/9g.CustomerDetailReport_files</folder><name>main_jrxml</name><version>0</version><label>Main jrxml</label><creationDate>2014-05-12T06:52:59.046-07:00</creationDate><updateDate>2014-05-02T08:44:29.630-07:00</updateDate><fileType>jrxml</fileType></localResource></mainReport><dataSource><uri>/public/Samples/Data_Sources/FoodmartDataSource</uri></dataSource><inputControl><uri>/public/Samples/Resources/Input_Controls/customerId</uri></inputControl><resource><localResource xmlns:xsi="http://www.w3.org/2001/XMLSchema-instance" exportedWithPermissions="false" dataFile="CustomerPurchasesReport.jrxml.data" xsi:type="fileResource"><folder>/public/viz/PersistedId/9g.CustomerDetailReport_files</folder><name>CustomerPurchasesReport.jrxml</name><version>0</version><label>CustomerPurchasesReport.jrxml</label><description>CustomerPurchasesReport.jrxml</description><creationDate>2014-05-12T06:52:59.046-07:00</creationDate><updateDate>2014-05-02T08:44:29.630-07:00</updateDate><fileType>jrxml</fileType></localResource></resource><resource><localResource xmlns:xsi="http://www.w3.org/2001/XMLSchema-instance" exportedWithPermissions="false" xsi:type="fileResource"><folder>/public/viz/PersistedId/9g.CustomerDetailReport_files</folder><name>supermart_en_US.properties</name><version>0</version><label>supermart_en_US.properties</label><creationDate>2014-05-12T06:52:59.046-07:00</creationDate><updateDate>2014-05-02T08:44:29.630-07:00</updateDate><referenceUri>/public/Samples/Resources/Extras/supermart_en_US.properties</referenceUri></localResource></resource><resource><localResource xmlns:xsi="http://www.w3.org/2001/XMLSchema-instance" exportedWithPermissions="false" xsi:type="fileResource"><folder>/public/viz/PersistedId/9g.CustomerDetailReport_files</folder><name>supermart_es.properties</name><version>0</version><label>supermart_es.properties</label><creationDate>2014-05-12T06:52:59.046-07:00</creationDate><updateDate>2014-05-02T08:44:29.630-07:00</updateDate><referenceUri>/public/Samples/Resources/Extras/supermart_es.properties</referenceUri></localResource></resource><resource><localResource xmlns:xsi="http://www.w3.org/2001/XMLSchema-instance" exportedWithPermissions="false" xsi:type="fileResource"><folder>/public/viz/PersistedId/9g.CustomerDetailReport_files</folder><name>supermart_fr.properties</name><version>0</version><label>supermart_fr.properties</label><creationDate>2014-05-12T06:52:59.046-07:00</creationDate><updateDate>2014-05-02T08:44:29.630-07:00</updateDate><referenceUri>/public/Samples/Resources/Extras/supermart_fr.properties</referenceUri></localResource></resource><resource><localResource xmlns:xsi="http://www.w3.org/2001/XMLSchema-instance" exportedWithPermissions="false" xsi:type="fileResource"><folder>/public/viz/PersistedId/9g.CustomerDetailReport_files</folder><name>supermart_ja.properties</name><version>0</version><label>supermart_ja.properties</label><creationDate>2014-05-12T06:52:59.046-07:00</creationDate><updateDate>2014-05-02T08:44:29.630-07:00</updateDate><referenceUri>/public/Samples/Resources/Extras/supermart_ja.properties</referenceUri></localResource></resource><resource><localResource xmlns:xsi="http://www.w3.org/2001/XMLSchema-instance" exportedWithPermissions="false" xsi:type="fileResource"><folder>/public/viz/PersistedId/9g.CustomerDetailReport_files</folder><name>supermart_zh_CN.properties</name><version>0</version><label>supermart_zh_CN.properties</label><creationDate>2014-05-12T06:52:59.046-07:00</creationDate><updateDate>2014-05-02T08:44:29.630-07:00</updateDate><referenceUri>/public/Samples/Resources/Extras/supermart_zh_CN.properties</referenceUri></localResource></resource><resource><localResource xmlns:xsi="http://www.w3.org/2001/XMLSchema-instance" exportedWithPermissions="false" xsi:type="fileResource"><folder>/public/viz/PersistedId/9g.CustomerDetailReport_files</folder><name>supermart.properties</name><version>0</version><label>supermart.properties</label><creationDate>2014-05-12T06:52:59.046-07:00</creationDate><updateDate>2014-05-02T08:44:29.630-07:00</updateDate><referenceUri>/public/Samples/Resources/Extras/supermart.properties</referenceUri></localResource></resource><resource><localResource xmlns:xsi="http://www.w3.org/2001/XMLSchema-instance" exportedWithPermissions="false" xsi:type="fileResource"><folder>/public/viz/PersistedId/9g.CustomerDetailReport_files</folder><name>no.png</name><version>0</version><label>no.png</label><description></description><creationDate>2014-05-12T06:52:59.046-07:00</creationDate><updateDate>2014-05-02T08:44:29.630-07:00</updateDate><referenceUri>/public/Samples/Resources/Images/noGreen.png</referenceUri></localResource></resource><resource><localResource xmlns:xsi="http://www.w3.org/2001/XMLSchema-instance" exportedWithPermissions="false" xsi:type="fileResource"><folder>/public/viz/PersistedId/9g.CustomerDetailReport_files</folder><name>yes.png</name><version>0</version><label>yes.png</label><description></description><creationDate>2014-05-12T06:52:59.046-07:00</creationDate><updateDate>2014-05-02T08:44:29.630-07:00</updateDate><referenceUri>/public/Samples/Resources/Images/yesGreen.png</referenceUri></localResource></resource><resource><localResource xmlns:xsi="http://www.w3.org/2001/XMLSchema-instance" exportedWithPermissions="false" xsi:type="fileResource"><folder>/public/viz/PersistedId/9g.CustomerDetailReport_files</folder><name>supermart_de.properties</name><version>0</version><label>supermart_de.properties</label><description></description><creationDate>2014-05-12T06:52:59.046-07:00</creationDate><updateDate>2014-05-02T08:44:29.630-07:00</updateDate><referenceUri>/public/Samples/Resources/Extras/supermart_de.properties</referenceUri></localResource></resource><resource><localResource xmlns:xsi="http://www.w3.org/2001/XMLSchema-instance" exportedWithPermissions="false" xsi:type="fileResource"><folder>/public/viz/PersistedId/9g.CustomerDetailReport_files</folder><name>SampleReportStylesG</name><version>0</version><label>SampleReportStylesG</label><creationDate>2014-05-12T06:52:59.046-07:00</creationDate><updateDate>2014-05-02T08:44:29.630-07:00</updateDate><referenceUri>/public/Samples/Resources/Extras/SampleReportStylesG</referenceUri></localResource></resource><inputControlRenderingView></inputControlRenderingView><alwaysPromptControls>false</alwaysPromptControls><controlsLayout>1</controlsLayout></reportUnit>