<?xml version="1.0" encoding="UTF-8"?>
<folder exportedWithPermissions="true"><parent>/public</parent><name>viz</name><label>viz</label><description></description><creationDate>2014-05-12T06:52:56.057-07:00</creationDate><updateDate>2014-03-19T04:54:20.200-07:00</updateDate><folder>Adhoc</folder><folder>FusionCharts</folder><folder>Highcharts</folder><folder>Hyperlinks</folder><folder>jFreeCharts</folder><folder>PersistedId</folder><folder>Slow_Report</folder><resource>crosstab</resource><resource>emptyReport</resource><resource>main_with_sub</resource><resource>report_with_different_column_types</resource><resource>twoCrosstab</resource><resource>twoTable</resource><resource>usersReport</resource><resource>With_all_date_types_Adhoc</resource><resource>With_all_date_types_Report</resource></folder>