<?xml version="1.0" encoding="UTF-8"?>
<reportUnit exportedWithPermissions="true"><folder>/public/viz</folder><name>emptyReport</name><version>0</version><label>emptyReport</label><description></description><creationDate>2014-05-12T06:52:56.524-07:00</creationDate><updateDate>2014-03-24T01:35:48.420-07:00</updateDate><mainReport><localResource xmlns:xsi="http://www.w3.org/2001/XMLSchema-instance" exportedWithPermissions="false" dataFile="main_jrxml.data" xsi:type="fileResource"><folder>/public/viz/emptyReport_files</folder><name>main_jrxml</name><version>0</version><label>Main jrxml</label><creationDate>2014-05-12T06:52:56.524-07:00</creationDate><updateDate>2014-03-24T01:34:41.154-07:00</updateDate><fileType>jrxml</fileType></localResource></mainReport><dataSource><uri>/organizations/organization_1/analysis/datasources/SugarCRMDataSourceJNDI</uri></dataSource><inputControl><localResource xmlns:xsi="http://www.w3.org/2001/XMLSchema-instance" exportedWithPermissions="false" xsi:type="inputControl"><folder>/public/viz/emptyReport_files</folder><name>Country</name><version>0</version><label>Country</label><description>Country Desc</description><creationDate>2014-05-12T06:52:56.524-07:00</creationDate><updateDate>2014-03-24T01:35:48.420-07:00</updateDate><type>2</type><mandatory>false</mandatory><readOnly>false</readOnly><visible>true</visible><dataType><localResource exportedWithPermissions="false" xsi:type="dataType"><folder>/public/viz/emptyReport_files/Country_files</folder><name>myDatatype</name><version>0</version><label>myDatatype</label><creationDate>2014-05-12T06:52:56.524-07:00</creationDate><updateDate>2014-03-24T01:35:48.420-07:00</updateDate><type>1</type><strictMin>false</strictMin><strictMax>false</strictMax></localResource></dataType></localResource></inputControl><alwaysPromptControls>false</alwaysPromptControls><controlsLayout>1</controlsLayout></reportUnit>