<?xml version="1.0" encoding="UTF-8"?>
<reportUnit exportedWithPermissions="true"><folder>/public/viz</folder><name>main_with_sub</name><version>0</version><label>main_with_sub</label><description></description><creationDate>2014-05-12T06:52:56.603-07:00</creationDate><updateDate>2014-03-24T02:32:31.154-07:00</updateDate><mainReport><localResource xmlns:xsi="http://www.w3.org/2001/XMLSchema-instance" exportedWithPermissions="false" dataFile="main_jrxml.data" xsi:type="fileResource"><folder>/public/viz/main_with_sub_files</folder><name>main_jrxml</name><version>0</version><label>Main jrxml</label><creationDate>2014-05-12T06:52:56.603-07:00</creationDate><updateDate>2014-03-24T02:24:19.890-07:00</updateDate><fileType>jrxml</fileType></localResource></mainReport><dataSource><uri>/organizations/organization_1/analysis/datasources/SugarCRMDataSourceJNDI</uri></dataSource><resource><localResource xmlns:xsi="http://www.w3.org/2001/XMLSchema-instance" exportedWithPermissions="false" dataFile="superuser.jrxml.data" xsi:type="fileResource"><folder>/public/viz/main_with_sub_files</folder><name>superuser.jrxml</name><version>0</version><label>superuser.jrxml</label><creationDate>2014-05-12T06:52:56.603-07:00</creationDate><updateDate>2014-03-24T02:24:19.890-07:00</updateDate><fileType>jrxml</fileType></localResource></resource><alwaysPromptControls>false</alwaysPromptControls><controlsLayout>1</controlsLayout></reportUnit>