<?xml version="1.0" encoding="UTF-8"?>
<reportUnit exportedWithPermissions="true"><folder>/public/viz</folder><name>report_with_different_column_types</name><version>1</version><label>report with different column types</label><description></description><creationDate>2014-05-12T06:52:56.751-07:00</creationDate><updateDate>2014-05-12T12:03:21.647-07:00</updateDate><mainReport><localResource xmlns:xsi="http://www.w3.org/2001/XMLSchema-instance" exportedWithPermissions="false" dataFile="mainReportJrxml.data" xsi:type="fileResource"><folder>/public/viz/report_with_different_column_types_files</folder><name>mainReportJrxml</name><version>0</version><label>mainReportJrxml</label><creationDate>2014-05-12T06:52:56.751-07:00</creationDate><updateDate>2014-04-24T08:03:28.428-07:00</updateDate><fileType>jrxml</fileType></localResource></mainReport><dataSource><uri>/public/Ad_Hoc_View__with_all_data_types</uri></dataSource><resource><localResource xmlns:xsi="http://www.w3.org/2001/XMLSchema-instance" exportedWithPermissions="false" dataFile="stateXML.data" xsi:type="fileResource"><folder>/public/viz/report_with_different_column_types_files</folder><name>stateXML</name><version>0</version><label>stateXML</label><creationDate>2014-05-12T06:52:56.751-07:00</creationDate><updateDate>2014-04-24T08:03:28.428-07:00</updateDate><fileType>xml</fileType></localResource></resource><alwaysPromptControls>true</alwaysPromptControls><controlsLayout>1</controlsLayout><dataSnapshotMetadata><snapshotDate>2014-05-12T12:03:19.145-07:00</snapshotDate></dataSnapshotMetadata></reportUnit>