<?xml version="1.0" encoding="UTF-8"?>
<reportUnit exportedWithPermissions="true"><folder>/public/viz</folder><name>twoTable</name><version>0</version><label>twoTable</label><description></description><creationDate>2014-05-12T06:52:56.900-07:00</creationDate><updateDate>2014-05-08T03:57:29.359-07:00</updateDate><mainReport><localResource xmlns:xsi="http://www.w3.org/2001/XMLSchema-instance" exportedWithPermissions="false" dataFile="main_jrxml.data" xsi:type="fileResource"><folder>/public/viz/twoTable_files</folder><name>main_jrxml</name><version>0</version><label>Main jrxml</label><creationDate>2014-05-12T06:52:56.900-07:00</creationDate><updateDate>2014-03-24T23:51:02.917-07:00</updateDate><fileType>jrxml</fileType></localResource></mainReport><dataSource><uri>/organizations/organization_1/analysis/datasources/SugarCRMDataSourceJNDI</uri></dataSource><alwaysPromptControls>false</alwaysPromptControls><controlsLayout>1</controlsLayout></reportUnit>