<?xml version="1.0" encoding="UTF-8"?>
<reportUnit exportedWithPermissions="true"><folder>/public/viz</folder><name>usersReport</name><version>0</version><label>Users Report</label><description>To test data snapshots refresh.</description><creationDate>2014-05-12T06:52:56.975-07:00</creationDate><updateDate>2014-05-05T08:58:24.346-07:00</updateDate><mainReport><localResource xmlns:xsi="http://www.w3.org/2001/XMLSchema-instance" exportedWithPermissions="false" dataFile="main_jrxml.data" xsi:type="fileResource"><folder>/public/viz/usersReport_files</folder><name>main_jrxml</name><version>0</version><label>Main jrxml</label><creationDate>2014-05-12T06:52:56.975-07:00</creationDate><updateDate>2014-04-23T04:27:45.033-07:00</updateDate><fileType>jrxml</fileType></localResource></mainReport><dataSource><localResource xmlns:xsi="http://www.w3.org/2001/XMLSchema-instance" exportedWithPermissions="false" xsi:type="jndiJdbcDataSource"><folder>/public/viz/usersReport_files</folder><name>loco</name><version>0</version><label>loco</label><creationDate>2014-05-12T06:52:56.975-07:00</creationDate><updateDate>2014-04-23T04:37:45.611-07:00</updateDate><jndiName>jdbc/jasperserver</jndiName></localResource></dataSource><resource><localResource xmlns:xsi="http://www.w3.org/2001/XMLSchema-instance" exportedWithPermissions="false" dataFile="cherry.jpg.data" xsi:type="fileResource"><folder>/public/viz/usersReport_files</folder><name>cherry.jpg</name><version>0</version><label>cherry.jpg</label><creationDate>2014-05-12T06:52:56.975-07:00</creationDate><updateDate>2014-04-23T04:27:46.381-07:00</updateDate><fileType>img</fileType></localResource></resource><alwaysPromptControls>false</alwaysPromptControls><controlsLayout>1</controlsLayout></reportUnit>