<?xml version="1.0" encoding="UTF-8"?>
<adhocDataView exportedWithPermissions="true"><folder>/public/viz</folder><name>With_all_date_types_Adhoc</name><version>0</version><label>With all date types Adhoc</label><description></description><creationDate>2014-05-12T12:04:52.282-07:00</creationDate><updateDate>2014-05-12T12:04:52.282-07:00</updateDate><dataSource><uri>/organizations/organization_1/analysis/datasources/SugarCRMDataSourceJNDI</uri></dataSource><resource><localResource xmlns:xsi="http://www.w3.org/2001/XMLSchema-instance" exportedWithPermissions="false" dataFile="topicJRXML.data" xsi:type="fileResource"><folder>/public/viz/With_all_date_types_Adhoc_files</folder><name>topicJRXML</name><version>0</version><label>topicJRXML</label><creationDate>2014-05-12T12:04:52.282-07:00</creationDate><updateDate>2014-05-12T12:04:52.282-07:00</updateDate><fileType>jrxml</fileType></localResource></resource><resource><localResource xmlns:xsi="http://www.w3.org/2001/XMLSchema-instance" exportedWithPermissions="false" dataFile="stateXML.data" xsi:type="fileResource"><folder>/public/viz/With_all_date_types_Adhoc_files</folder><name>stateXML</name><version>0</version><label>stateXML</label><creationDate>2014-05-12T12:04:52.282-07:00</creationDate><updateDate>2014-05-12T12:04:52.282-07:00</updateDate><fileType>xml</fileType></localResource></resource><alwaysPromptControls>true</alwaysPromptControls><controlsLayout>1</controlsLayout></adhocDataView>