<?xml version="1.0" encoding="UTF-8"?>
<adhocDataView exportedWithPermissions="true">
    <folder>/public/viz/Adhoc/Multiple_Ahv</folder>
    <name>shipping_charge_by_countries</name>
    <version>0</version>
    <label>shipping charge by countries</label>
    <description></description>
    <creationDate>2017-04-13T17:34:10.533+03:00</creationDate>
    <updateDate>2017-02-10T14:19:36.742+02:00</updateDate>
    <dataSource>
        <uri>/organizations/organization_1/datasources/JServerJNDIDS</uri>
    </dataSource>
    <resource>
        <localResource
            xmlns:xsi="http://www.w3.org/2001/XMLSchema-instance"
            exportedWithPermissions="false" dataFile="topicJRXML.data" xsi:type="fileResource">
            <folder>/public/viz/Adhoc/Multiple_Ahv/shipping_charge_by_countries_files</folder>
            <name>topicJRXML</name>
            <version>0</version>
            <label>topicJRXML</label>
            <creationDate>2017-04-13T17:34:10.533+03:00</creationDate>
            <updateDate>2017-02-10T14:23:32.175+02:00</updateDate>
            <fileType>jrxml</fileType>
        </localResource>
    </resource>
    <resource>
        <localResource
            xmlns:xsi="http://www.w3.org/2001/XMLSchema-instance"
            exportedWithPermissions="false" dataFile="stateXML.data" xsi:type="fileResource">
            <folder>/public/viz/Adhoc/Multiple_Ahv/shipping_charge_by_countries_files</folder>
            <name>stateXML</name>
            <version>0</version>
            <label>stateXML</label>
            <creationDate>2017-04-13T17:34:10.533+03:00</creationDate>
            <updateDate>2017-02-10T14:23:32.175+02:00</updateDate>
            <fileType>xml</fileType>
        </localResource>
    </resource>
    <alwaysPromptControls>false</alwaysPromptControls>
    <controlsLayout>1</controlsLayout>
</adhocDataView>
