<?xml version="1.0" encoding="UTF-8"?>
<secureMondrianConnection exportedWithPermissions="true">
    <folder>/organizations/organization_1/analysis/connections</folder>
    <name>Foodmart</name>
    <version>2</version>
    <label>Foodmart</label>
    <description>Foodmart Mondrian Analysis Connection</description>
    <creationDate>2017-04-13T17:34:05.223+03:00</creationDate>
    <updateDate>2016-11-25T11:59:09.717+02:00</updateDate>
    <schema>
        <uri>/organizations/organization_1/analysis/schemas/FoodmartSchema</uri>
    </schema>
    <dataSource>
        <uri>/organizations/organization_1/analysis/datasources/FoodmartDataSourceJNDI</uri>
    </dataSource>
    <grant>
        <uri>/organizations/organization_1/analysis/schemas/FoodmartNoTopGrant</uri>
    </grant>
</secureMondrianConnection>
