<?xml version="1.0" encoding="UTF-8"?>
<fileResource exportedWithPermissions="true" dataFile="FoodmartSchema.data">
    <folder>/organizations/organization_1/analysis/schemas</folder>
    <name>FoodmartSchema</name>
    <version>2</version>
    <label>FoodmartSchema</label>
    <description>Foodmart Analysis Schema</description>
    <creationDate>2017-04-13T17:34:05.134+03:00</creationDate>
    <updateDate>2016-11-25T11:58:40.059+02:00</updateDate>
    <fileType>olapMondrianSchema</fileType>
</fileResource>
