<?xml version="1.0" encoding="UTF-8"?>
<fileResource exportedWithPermissions="true" dataFile="FoodmartNoTopGrant.data">
    <folder>/organizations/organization_1/analysis/schemas</folder>
    <name>FoodmartNoTopGrant</name>
    <version>2</version>
    <label>Foodmart Grant without top levels</label>
    <description>ANALYSIS Foodmart Grant with no top levels allowing navigation in the browser</description>
    <creationDate>2017-04-13T17:34:05.214+03:00</creationDate>
    <updateDate>2016-11-25T11:59:09.502+02:00</updateDate>
    <fileType>accessGrantSchema</fileType>
</fileResource>
