<?xml version="1.0" encoding="UTF-8"?>
<folder exportedWithPermissions="true">
    <parent>/public/viz</parent>
    <name>Hyperlinks</name>
    <label>Hyperlinks</label>
    <description></description>
    <creationDate>2017-04-13T17:33:31.978+03:00</creationDate>
    <updateDate>2014-05-09T16:05:50.072+03:00</updateDate>
    <folder>Drill_Reports_with_Controls</folder>
    <folder>ReportExecutionType</folder>
    <resource>Chart</resource>
    <resource>Crosstab</resource>
    <resource>Table</resource>
</folder>
