<?xml version="1.0" encoding="UTF-8"?>
<adhocDataView exportedWithPermissions="true">
    <folder>/public/viz/Hyperlinks</folder>
    <name>Crosstab</name>
    <version>0</version>
    <label>Crosstab</label>
    <description></description>
    <creationDate>2017-04-13T17:34:06.771+03:00</creationDate>
    <updateDate>2017-01-06T17:13:33.215+02:00</updateDate>
    <dataSource>
        <uri>/organizations/organization_1/analysis/datasources/FoodmartDataSourceJNDI</uri>
    </dataSource>
    <resource>
        <localResource
            xmlns:xsi="http://www.w3.org/2001/XMLSchema-instance"
            exportedWithPermissions="false" dataFile="topicJRXML.data" xsi:type="fileResource">
            <folder>/public/viz/Hyperlinks/Crosstab_files</folder>
            <name>topicJRXML</name>
            <version>0</version>
            <label>topicJRXML</label>
            <creationDate>2017-04-13T17:34:06.771+03:00</creationDate>
            <updateDate>2017-01-06T17:13:33.215+02:00</updateDate>
            <fileType>jrxml</fileType>
        </localResource>
    </resource>
    <resource>
        <localResource
            xmlns:xsi="http://www.w3.org/2001/XMLSchema-instance"
            exportedWithPermissions="false" dataFile="stateXML.data" xsi:type="fileResource">
            <folder>/public/viz/Hyperlinks/Crosstab_files</folder>
            <name>stateXML</name>
            <version>0</version>
            <label>stateXML</label>
            <creationDate>2017-04-13T17:34:06.771+03:00</creationDate>
            <updateDate>2017-01-06T17:13:33.215+02:00</updateDate>
            <fileType>xml</fileType>
        </localResource>
    </resource>
    <alwaysPromptControls>false</alwaysPromptControls>
    <controlsLayout>1</controlsLayout>
</adhocDataView>
