<?xml version="1.0" encoding="UTF-8"?>
<reportUnit exportedWithPermissions="true"><folder>/public/viz/jFreeCharts</folder><name>testChart</name><version>0</version><label>testChart</label><description></description><creationDate>2014-05-12T06:52:57.970-07:00</creationDate><updateDate>2014-03-19T05:41:10.179-07:00</updateDate><mainReport><localResource xmlns:xsi="http://www.w3.org/2001/XMLSchema-instance" exportedWithPermissions="false" dataFile="main_jrxml.data" xsi:type="fileResource"><folder>/public/viz/jFreeCharts/testChart_files</folder><name>main_jrxml</name><version>0</version><label>Main jrxml</label><creationDate>2014-05-12T06:52:57.970-07:00</creationDate><updateDate>2014-03-19T05:41:10.179-07:00</updateDate><fileType>jrxml</fileType></localResource></mainReport><dataSource><uri>/organizations/organization_1/analysis/datasources/SugarCRMDataSourceJNDI</uri></dataSource><alwaysPromptControls>false</alwaysPromptControls><controlsLayout>1</controlsLayout></reportUnit>