<?xml version="1.0" encoding="UTF-8"?>
<listOfValues exportedWithPermissions="true">
    <folder>/properties</folder>
    <name>GlobalPropertiesList</name>
    <version>1</version>
    <label>GlobalPropertiesList</label>
    <description>GlobalPropertiesList</description>
    <creationDate>2014-05-18T14:58:54.452-07:00</creationDate>
    <updateDate>2014-05-18T14:59:54.268-07:00</updateDate>
    <item>
        <itemLabel>jdbc:org.postgresql.Driver</itemLabel>
        <itemValue xmlns:xsi="http://www.w3.org/2001/XMLSchema-instance" xsi:type="java:java.lang.String">[SYSTEM]</itemValue>
    </item>
</listOfValues>
