<?xml version="1.0" encoding="UTF-8"?>
<secureMondrianConnection exportedWithPermissions="true"><folder>/organizations/organization_1/analysis/connections</folder><name>Foodmart</name><version>0</version><label>Foodmart</label><description>Foodmart Mondrian Analysis Connection</description><creationDate>2014-05-12T06:38:23.223-07:00</creationDate><updateDate>2014-05-12T05:31:40.144-07:00</updateDate><schema><uri>/organizations/organization_1/analysis/schemas/FoodmartSchema</uri></schema><dataSource><uri>/organizations/organization_1/analysis/datasources/FoodmartDataSourceJNDI</uri></dataSource><grant><uri>/organizations/organization_1/analysis/schemas/FoodmartNoTopGrant</uri></grant></secureMondrianConnection>